id,condition,norm,profile,age,gender,norm_perc,disclosure
1,n0_p20,n0,p20,25,1,NA,5
2,n20_p20,n20,p20,29,1,6.75,6
3,n0_p0,n0,p0,30,0,6,6.5
4,n20_p80,n20,p80,28,1,6.083333333333333,6
5,n20_p20,n20,p20,28,0,7,7
6,n0_p80,n0,p80,36,1,3.4545454545454546,3.5
7,n20_p20,n20,p20,30,0,3.1666666666666665,1.8333333333333333
8,n20_p80,n20,p80,27,0,5.833333333333333,5.5
9,n0_p80,n0,p80,35,1,1,1.5
10,n80_p80,n80,p80,22,0,4.75,4.666666666666667
11,n20_p0,n20,p0,60,1,1,2
12,n0_p0,n0,p0,51,0,5.166666666666667,6
13,n20_p80,n20,p80,30,1,5.583333333333333,2.5
14,n80_p80,n80,p80,30,0,5.5,6
15,n0_p80,n0,p80,34,0,1.1666666666666667,1.6666666666666667
16,n20_p0,n20,p0,24,1,5.25,5.166666666666667
17,n80_p0,n80,p0,29,1,6.2727272727272725,1.6666666666666667
18,n20_p0,n20,p0,25,1,1.25,1
19,n80_p0,n80,p0,27,1,5.75,1
20,n0_p0,n0,p0,30,1,5.75,5.833333333333333
21,n80_p80,n80,p80,27,1,5.916666666666667,5.666666666666667
22,n80_p80,n80,p80,39,0,6.333333333333333,2.6666666666666665
23,n20_p0,n20,p0,68,1,3.8333333333333335,2
24,n20_p0,n20,p0,27,1,3.6666666666666665,5.333333333333333
25,n80_p80,n80,p80,39,1,5.75,2
26,n0_p0,n0,p0,25,1,1.3333333333333333,2.1666666666666665
27,n0_p80,n0,p80,35,0,2.8333333333333335,2.6666666666666665
28,n0_p20,n0,p20,27,1,4.666666666666667,4.833333333333333
29,n20_p0,n20,p0,41,0,5.75,6.333333333333333
30,n0_p0,n0,p0,30,0,5.666666666666667,5.333333333333333
31,n20_p20,n20,p20,30,1,4.666666666666667,6.166666666666667
32,n80_p0,n80,p0,46,0,5.75,4.333333333333333
33,n0_p0,n0,p0,26,0,1.3333333333333333,1.6666666666666667
34,n20_p80,n20,p80,37,1,3.1666666666666665,3.5
35,n80_p0,n80,p0,36,0,6.333333333333333,2
36,n20_p0,n20,p0,27,0,5,4
37,n0_p20,n0,p20,42,0,2.6666666666666665,3.3333333333333335
38,n80_p20,n80,p20,49,0,5.916666666666667,5.5
39,n80_p20,n80,p20,56,1,7,2.5
40,n20_p20,n20,p20,64,1,5,1
41,n80_p80,n80,p80,37,1,6.75,4.333333333333333
42,n20_p80,n20,p80,69,1,6.25,1
43,n80_p0,n80,p0,27,1,4.333333333333333,4.333333333333333
44,n0_p0,n0,p0,49,0,2,2.1666666666666665
45,n0_p20,n0,p20,25,1,2.5,2.6666666666666665
46,n80_p0,n80,p0,37,1,6.833333333333333,5.666666666666667
47,n20_p0,n20,p0,24,0,4.75,3.8333333333333335
48,n20_p20,n20,p20,70,1,6.416666666666667,3.8333333333333335
49,n0_p80,n0,p80,34,0,1.4166666666666667,1.6666666666666667
50,n80_p20,n80,p20,35,1,6.166666666666667,2
51,n20_p20,n20,p20,53,0,4,2.3333333333333335
52,n80_p80,n80,p80,31,0,6.083333333333333,1.3333333333333333
53,n80_p0,n80,p0,33,0,5.083333333333333,4.833333333333333
54,n20_p80,n20,p80,24,1,4.5,3.1666666666666665
55,n20_p80,n20,p80,29,0,5.416666666666667,2.6666666666666665
56,n20_p80,n20,p80,28,1,5.333333333333333,5.666666666666667
57,n80_p80,n80,p80,24,1,4.75,5.166666666666667
58,n20_p20,n20,p20,24,1,4.833333333333333,2.6666666666666665
59,n20_p20,n20,p20,43,0,3.75,4
60,n0_p20,n0,p20,39,1,NA,3.3333333333333335
61,n20_p20,n20,p20,60,1,2.9166666666666665,1.8333333333333333
62,n0_p0,n0,p0,36,0,4.5,5.833333333333333
63,n20_p80,n20,p80,40,1,5.25,4
64,n0_p20,n0,p20,70,1,2.3636363636363638,2
65,n20_p20,n20,p20,46,0,5.583333333333333,2.5
66,n80_p0,n80,p0,27,1,6.583333333333333,4.666666666666667
67,n80_p20,n80,p20,31,0,6.083333333333333,2.5
68,n0_p0,n0,p0,27,0,2,2.5
69,n0_p80,n0,p80,38,1,2.8333333333333335,2.6666666666666665
70,n20_p0,n20,p0,30,0,5.083333333333333,6.333333333333333
71,n80_p20,n80,p20,37,1,6.166666666666667,3.8333333333333335
72,n80_p0,n80,p0,32,1,5.833333333333333,4.5
73,n80_p20,n80,p20,30,1,5.75,1.1666666666666667
74,n0_p80,n0,p80,47,1,2.0833333333333335,1.6666666666666667
75,n0_p20,n0,p20,47,0,1.5,2.8333333333333335
76,n80_p80,n80,p80,28,0,5.75,5.166666666666667
77,n80_p20,n80,p20,41,0,6.583333333333333,1.5
78,n0_p80,n0,p80,64,1,3.5833333333333335,5.833333333333333
79,n0_p80,n0,p80,29,0,6.083333333333333,6
80,n80_p0,n80,p0,49,1,6.666666666666667,2.5
81,n20_p80,n20,p80,22,1,5.25,2.1666666666666665
82,n0_p80,n0,p80,24,0,1.5833333333333333,6.833333333333333
83,n20_p0,n20,p0,32,1,3.9166666666666665,4.833333333333333
84,n20_p0,n20,p0,52,0,2.9166666666666665,1.5
85,n0_p20,n0,p20,44,0,2,2.5
86,n0_p0,n0,p0,32,0,6,5.666666666666667
87,n0_p80,n0,p80,36,0,6,5.833333333333333
88,n80_p80,n80,p80,49,1,7,5.333333333333333
89,n20_p20,n20,p20,44,0,5.583333333333333,6
90,n20_p80,n20,p80,33,0,4.083333333333333,2.8333333333333335
91,n0_p0,n0,p0,26,1,2.25,1.8333333333333333
92,n0_p20,n0,p20,23,0,2.090909090909091,2
93,n20_p0,n20,p0,28,1,5.333333333333333,6
94,n80_p20,n80,p20,34,0,6,6
95,n0_p0,n0,p0,44,0,3,2.6666666666666665
96,n0_p80,n0,p80,44,0,2,2
97,n20_p20,n20,p20,42,1,4.5,3.3333333333333335
98,n20_p20,n20,p20,25,0,4.166666666666667,4
99,n80_p0,n80,p0,63,1,6,2.6666666666666665
100,n80_p80,n80,p80,55,0,6.25,1.3333333333333333
101,n20_p80,n20,p80,33,0,5.833333333333333,6.166666666666667
102,n80_p80,n80,p80,32,0,5.333333333333333,3.1666666666666665
103,n0_p0,n0,p0,25,0,3.75,2.1666666666666665
104,n20_p80,n20,p80,19,0,4.916666666666667,6.166666666666667
105,n20_p0,n20,p0,31,1,4.833333333333333,5.5
106,n80_p80,n80,p80,50,1,7,7
107,n80_p20,n80,p20,33,1,5.833333333333333,5.166666666666667
108,n80_p0,n80,p0,26,1,6.5,1
109,n20_p0,n20,p0,39,0,3.0833333333333335,3.3333333333333335
110,n0_p0,n0,p0,23,0,2.25,2.6666666666666665
111,n0_p80,n0,p80,47,0,3.25,2
112,n80_p80,n80,p80,24,1,5.583333333333333,2.1666666666666665
113,n20_p80,n20,p80,44,0,5.25,5.333333333333333
114,n20_p20,n20,p20,33,1,3.5454545454545454,4.5
115,n0_p20,n0,p20,31,1,2.0833333333333335,1.6666666666666667
116,n0_p0,n0,p0,26,0,4.083333333333333,3.8333333333333335
117,n20_p80,n20,p80,55,0,1.1666666666666667,1.5
118,n80_p0,n80,p0,60,0,7,5.333333333333333
119,n80_p20,n80,p20,28,1,5.166666666666667,5.833333333333333
120,n0_p20,n0,p20,29,1,1,1.8333333333333333
121,n20_p0,n20,p0,38,0,3.6666666666666665,2.6666666666666665
122,n80_p20,n80,p20,30,1,6.5,5
123,n20_p80,n20,p80,44,1,4.25,2
124,n80_p20,n80,p20,64,0,4.916666666666667,1.8333333333333333
125,n80_p80,n80,p80,56,1,5.833333333333333,2.1666666666666665
126,n20_p20,n20,p20,22,1,4.583333333333333,2.5
127,n20_p0,n20,p0,45,1,4,2
128,n0_p0,n0,p0,56,1,1,1.6666666666666667
129,n0_p80,n0,p80,57,0,3.5,2.8333333333333335
130,n0_p20,n0,p20,47,0,4.833333333333333,5.666666666666667
131,n0_p80,n0,p80,25,1,2.5,2.5
132,n20_p20,n20,p20,28,1,4,4
133,n80_p80,n80,p80,63,0,5.75,6
134,n0_p20,n0,p20,60,0,3.0833333333333335,2.8333333333333335
135,n20_p20,n20,p20,19,0,5,1.8333333333333333
136,n80_p20,n80,p20,33,1,7,1.5
137,n80_p0,n80,p0,65,1,4.333333333333333,1
138,n0_p80,n0,p80,32,0,3.75,4
139,n20_p80,n20,p80,38,1,2.9166666666666665,2.3333333333333335
140,n20_p0,n20,p0,44,0,3.3333333333333335,4.5
141,n80_p0,n80,p0,45,1,3.5,3.3333333333333335
142,n0_p0,n0,p0,50,1,3.4166666666666665,2
143,n0_p80,n0,p80,25,0,5,6
144,n0_p0,n0,p0,37,1,2.1666666666666665,2
145,n20_p80,n20,p80,31,1,6.083333333333333,3.6666666666666665
146,n80_p80,n80,p80,43,1,5,5
147,n20_p0,n20,p0,45,0,3.3333333333333335,3.3333333333333335
148,n0_p20,n0,p20,24,1,4,3.3333333333333335
149,n20_p20,n20,p20,25,1,6.333333333333333,6.333333333333333
150,n0_p0,n0,p0,32,0,2.5,1.8333333333333333
151,n80_p20,n80,p20,59,1,6.166666666666667,2.3333333333333335
152,n20_p80,n20,p80,55,1,3.8333333333333335,3.3333333333333335
153,n0_p80,n0,p80,25,0,1.75,2.1666666666666665
154,n80_p80,n80,p80,25,1,5.25,3.3333333333333335
155,n0_p20,n0,p20,32,1,1.25,2.1666666666666665
156,n80_p20,n80,p20,71,1,5.583333333333333,3.5
157,n80_p20,n80,p20,28,1,5.166666666666667,6.333333333333333
158,n80_p80,n80,p80,25,1,6.083333333333333,5.5
159,n80_p0,n80,p0,30,0,4.833333333333333,5.5
160,n20_p80,n20,p80,46,1,5.75,3.6666666666666665
161,n0_p20,n0,p20,35,0,1,3.1666666666666665
162,n20_p20,n20,p20,27,0,5.166666666666667,6.166666666666667
163,n20_p80,n20,p80,49,0,5.916666666666667,7
164,n0_p0,n0,p0,30,0,1,1.8333333333333333
165,n0_p0,n0,p0,60,1,2.3333333333333335,1.8333333333333333
166,n0_p80,n0,p80,27,1,4.166666666666667,3.6666666666666665
167,n80_p20,n80,p20,31,1,7,5.333333333333333
168,n80_p80,n80,p80,50,0,5.666666666666667,5.5
169,n0_p20,n0,p20,45,0,1,1.8333333333333333
170,n0_p80,n0,p80,40,0,1.5,1.6666666666666667
171,n80_p0,n80,p0,40,0,6.25,5.333333333333333
172,n80_p80,n80,p80,31,0,7,3.3333333333333335
173,n80_p0,n80,p0,38,0,6.75,6.666666666666667
174,n0_p20,n0,p20,59,0,2,3.6666666666666665
175,n80_p20,n80,p20,51,1,6.416666666666667,5
176,n0_p0,n0,p0,29,1,1,2.3333333333333335
177,n0_p0,n0,p0,46,0,2.4166666666666665,2.3333333333333335
178,n20_p0,n20,p0,33,0,6,2
179,n0_p80,n0,p80,33,0,3.3333333333333335,1
180,n20_p20,n20,p20,33,0,6,2
181,n20_p80,n20,p80,52,0,4.833333333333333,2.5
182,n80_p80,n80,p80,37,0,5.166666666666667,5
183,n0_p80,n0,p80,33,0,2.5833333333333335,4.333333333333333
184,n80_p0,n80,p0,37,1,5.5,6.333333333333333
185,n20_p0,n20,p0,51,1,5.333333333333333,6
186,n20_p80,n20,p80,42,1,3.3333333333333335,2.3333333333333335
187,n20_p20,n20,p20,35,1,4.2727272727272725,4.166666666666667
188,n80_p20,n80,p20,33,0,5.75,4.5
189,n20_p0,n20,p0,22,0,4.833333333333333,5.4
190,n0_p0,n0,p0,43,0,3.0833333333333335,4
191,n80_p20,n80,p20,27,0,5.916666666666667,5.166666666666667
192,n80_p20,n80,p20,24,0,3.3333333333333335,3.3333333333333335
193,n0_p20,n0,p20,31,0,3.8333333333333335,3.6666666666666665
194,n80_p80,n80,p80,35,1,6.333333333333333,3.8333333333333335
195,n0_p80,n0,p80,30,1,2.3333333333333335,1.5
196,n20_p20,n20,p20,39,1,4,3.5
197,n80_p0,n80,p0,59,1,5.5,1.8333333333333333
198,n0_p0,n0,p0,31,1,2.1666666666666665,2.8333333333333335
199,n80_p80,n80,p80,25,1,7,1
200,n20_p80,n20,p80,25,1,4.166666666666667,3.6666666666666665
201,n20_p80,n20,p80,21,0,4,4
202,n0_p80,n0,p80,29,1,2.75,2.6666666666666665
203,n20_p20,n20,p20,62,0,4.833333333333333,3.3333333333333335
204,n80_p0,n80,p0,33,1,5.166666666666667,5.666666666666667
205,n0_p80,n0,p80,37,1,3.75,2.1666666666666665
206,n0_p0,n0,p0,25,0,1.25,2
207,n20_p20,n20,p20,40,0,4.833333333333333,1
208,n80_p80,n80,p80,27,1,6.833333333333333,7
209,n80_p20,n80,p20,38,0,6,1
210,n20_p0,n20,p0,26,1,4.666666666666667,4
211,n0_p20,n0,p20,29,1,4.333333333333333,3.8333333333333335
212,n20_p80,n20,p80,43,1,3.25,2.6666666666666665
213,n20_p0,n20,p0,35,0,5.333333333333333,5
214,n0_p20,n0,p20,46,0,1.75,2.5
215,n20_p0,n20,p0,23,1,3,4
216,n80_p0,n80,p0,25,1,4.416666666666667,3.1666666666666665
217,n0_p80,n0,p80,28,1,2.8333333333333335,1
218,n80_p20,n80,p20,34,1,6.583333333333333,6.5
219,n80_p80,n80,p80,31,1,5,4.333333333333333
220,n20_p80,n20,p80,34,0,5.833333333333333,5.333333333333333
221,n0_p0,n0,p0,48,1,1.9166666666666667,1.1666666666666667
222,n0_p20,n0,p20,26,1,1,1
223,n20_p20,n20,p20,35,0,5.583333333333333,5.666666666666667
224,n20_p20,n20,p20,35,1,4.083333333333333,4.333333333333333
225,n80_p20,n80,p20,30,1,5.25,4.666666666666667
226,n0_p80,n0,p80,27,1,3.4166666666666665,2.3333333333333335
227,n20_p80,n20,p80,23,1,6.5,6.666666666666667
228,n20_p20,n20,p20,32,1,6.25,6.333333333333333
229,n80_p80,n80,p80,32,1,5.916666666666667,5.5
230,n20_p0,n20,p0,50,0,3.1666666666666665,5.5
231,n0_p0,n0,p0,43,1,1.8333333333333333,3
232,n0_p20,n0,p20,21,0,3.1666666666666665,4.166666666666667
233,n80_p0,n80,p0,25,1,4.666666666666667,5.333333333333333
234,n80_p0,n80,p0,42,0,6.5,3.5
235,n20_p80,n20,p80,28,1,3,1.6666666666666667
236,n80_p20,n80,p20,36,1,6.583333333333333,4.666666666666667
237,n80_p80,n80,p80,51,0,6.583333333333333,4.5
238,n80_p0,n80,p0,40,1,3.75,3.1666666666666665
239,n0_p0,n0,p0,38,1,1,1.6666666666666667
240,n80_p20,n80,p20,36,1,6.083333333333333,5
241,n0_p80,n0,p80,44,1,2.3333333333333335,1
242,n0_p0,n0,p0,47,0,4.583333333333333,5
243,n0_p80,n0,p80,52,0,1.8333333333333333,4.166666666666667
244,n20_p80,n20,p80,28,0,6.5,4.5
245,n0_p20,n0,p20,21,1,3.0833333333333335,2.8333333333333335
246,n20_p20,n20,p20,62,1,4.818181818181818,1
247,n20_p20,n20,p20,29,0,5.25,5.333333333333333
248,n0_p20,n0,p20,29,1,2,2.8333333333333335
249,n80_p0,n80,p0,33,1,5,5
250,n0_p80,n0,p80,37,1,1,1
251,n20_p0,n20,p0,51,0,4.916666666666667,2.3333333333333335
252,n80_p20,n80,p20,54,1,5.7272727272727275,1.6666666666666667
253,n20_p80,n20,p80,43,0,4.916666666666667,5.833333333333333
254,n80_p80,n80,p80,37,1,6.833333333333333,5.5
255,n0_p20,n0,p20,27,1,2,1.1666666666666667
256,n0_p0,n0,p0,39,1,1,1
257,n80_p0,n80,p0,35,1,5.5,4.666666666666667
258,n80_p80,n80,p80,35,1,6.833333333333333,6
259,n20_p20,n20,p20,27,1,4,4
260,n20_p0,n20,p0,57,1,4.416666666666667,4.333333333333333
261,n20_p80,n20,p80,31,1,2.4166666666666665,1.6666666666666667
262,n20_p0,n20,p0,26,1,3.75,3
263,n80_p0,n80,p0,72,0,5.75,5.333333333333333
264,n0_p80,n0,p80,31,1,1.4166666666666667,1.1666666666666667
265,n0_p20,n0,p20,35,1,2,3.1666666666666665
266,n0_p0,n0,p0,45,0,3.272727272727273,1.6666666666666667
267,n80_p20,n80,p20,22,0,6.333333333333333,5.833333333333333
268,n20_p0,n20,p0,22,0,4,1.6666666666666667
269,n20_p80,n20,p80,26,1,5.25,5
270,n0_p0,n0,p0,32,0,2.3333333333333335,3.3333333333333335
271,n80_p80,n80,p80,59,1,6.583333333333333,4.666666666666667
272,n0_p0,n0,p0,58,1,4.333333333333333,4.333333333333333
273,n0_p80,n0,p80,47,0,3.5833333333333335,2
274,n0_p20,n0,p20,35,1,1,1.5
275,n20_p20,n20,p20,23,0,4.833333333333333,4.833333333333333
276,n20_p0,n20,p0,32,0,5.166666666666667,4.833333333333333
277,n0_p20,n0,p20,23,1,3,2.1666666666666665
278,n20_p20,n20,p20,44,0,4.833333333333333,6.166666666666667
279,n80_p0,n80,p0,59,1,4.833333333333333,3.6666666666666665
280,n0_p80,n0,p80,47,0,5.25,5.333333333333333
281,n80_p0,n80,p0,27,1,5.416666666666667,2.8333333333333335
282,n80_p80,n80,p80,36,1,6.416666666666667,5.666666666666667
283,n20_p80,n20,p80,58,1,3.75,2
284,n20_p20,n20,p20,37,1,5.833333333333333,2
285,n0_p20,n0,p20,29,1,1.4166666666666667,3.3333333333333335
286,n0_p0,n0,p0,41,1,1.8333333333333333,1.5
287,n80_p0,n80,p0,25,1,6.583333333333333,3.1666666666666665
288,n80_p80,n80,p80,35,1,4,1
289,n0_p80,n0,p80,61,1,5.666666666666667,5.5
290,n20_p0,n20,p0,24,1,5,1.6666666666666667
291,n80_p20,n80,p20,26,1,6.416666666666667,6.5
292,n20_p20,n20,p20,40,1,4,4.333333333333333
293,n20_p0,n20,p0,29,0,4.666666666666667,4
294,n20_p80,n20,p80,32,1,2.9166666666666665,3.8333333333333335
295,n0_p0,n0,p0,32,0,5.583333333333333,6.166666666666667
296,n0_p20,n0,p20,35,1,2.0833333333333335,1.6666666666666667
297,n80_p0,n80,p0,27,1,4.333333333333333,4.166666666666667
298,n20_p80,n20,p80,32,0,5.333333333333333,6.333333333333333
299,n0_p0,n0,p0,33,1,2,2.1666666666666665
300,n0_p20,n0,p20,37,1,1.5833333333333333,1.8333333333333333
301,n0_p80,n0,p80,40,0,3.5833333333333335,4.833333333333333
302,n80_p20,n80,p20,65,0,5.5,4.5
303,n80_p0,n80,p0,27,1,5.5,4.5
304,n0_p80,n0,p80,48,1,3.75,2.3333333333333335
305,n80_p80,n80,p80,42,0,5.833333333333333,5.166666666666667
306,n20_p80,n20,p80,44,0,4.75,5.333333333333333
307,n20_p0,n20,p0,30,1,5.083333333333333,5.166666666666667
308,n20_p20,n20,p20,22,1,5.666666666666667,5.833333333333333
309,n20_p20,n20,p20,46,0,4.25,4
310,n0_p0,n0,p0,29,1,5.916666666666667,5.833333333333333
311,n80_p80,n80,p80,35,1,6.333333333333333,5.833333333333333
312,n0_p20,n0,p20,42,0,2.0833333333333335,1.8333333333333333
313,n0_p80,n0,p80,44,0,1.0833333333333333,1.1666666666666667
314,n80_p20,n80,p20,27,1,4,4.666666666666667
315,n0_p20,n0,p20,23,0,1.5833333333333333,1.1666666666666667
316,n0_p80,n0,p80,32,1,1,1
317,n80_p0,n80,p0,22,0,5.833333333333333,2.8333333333333335
318,n20_p0,n20,p0,29,1,4.916666666666667,4.833333333333333
319,n0_p80,n0,p80,34,0,2.0833333333333335,2
320,n0_p0,n0,p0,45,1,1,1.3333333333333333
321,n20_p20,n20,p20,24,1,5,2.6666666666666665
322,n20_p80,n20,p80,37,0,4.75,2.8333333333333335
323,n80_p20,n80,p20,27,1,4.833333333333333,6.666666666666667
324,n20_p0,n20,p0,27,1,5.166666666666667,7
325,n0_p0,n0,p0,50,0,2.5833333333333335,1.8
326,n0_p20,n0,p20,38,0,1.4166666666666667,2.1666666666666665
327,n80_p0,n80,p0,54,0,6,2.5
328,n20_p80,n20,p80,23,1,5.416666666666667,5.5
329,n80_p80,n80,p80,27,1,5.75,5.833333333333333
330,n0_p0,n0,p0,34,0,1.9166666666666667,1.5
331,n20_p0,n20,p0,32,0,2.75,1
332,n0_p20,n0,p20,29,0,1,1
333,n80_p80,n80,p80,58,1,4.75,1.3333333333333333
334,n0_p80,n0,p80,58,1,1.8333333333333333,1
335,n80_p20,n80,p20,25,1,4.583333333333333,4.5
336,n20_p80,n20,p80,28,1,5.166666666666667,5.333333333333333
337,n20_p20,n20,p20,36,0,6.5,6.5
338,n0_p0,n0,p0,30,0,6.333333333333333,6.333333333333333
339,n80_p0,n80,p0,32,0,6,6
340,n20_p0,n20,p0,38,0,7,6.666666666666667
341,n80_p0,n80,p0,48,1,5.833333333333333,2.5
342,n80_p20,n80,p20,25,2,6.75,6.5
343,n0_p80,n0,p80,42,1,1.6666666666666667,2
344,n20_p20,n20,p20,28,0,4.583333333333333,1
345,n20_p80,n20,p80,27,1,5,6.166666666666667
346,n80_p80,n80,p80,46,1,6.083333333333333,4.333333333333333
347,n20_p80,n20,p80,30,0,5.416666666666667,3.8333333333333335
348,n0_p80,n0,p80,47,0,1,1
349,n80_p0,n80,p0,34,0,6.416666666666667,7
350,n20_p20,n20,p20,40,0,4,4
351,n80_p20,n80,p20,40,1,4,4
352,n80_p20,n80,p20,52,1,4.75,4.5
353,n0_p0,n0,p0,45,0,2.1666666666666665,1.3333333333333333
354,n0_p80,n0,p80,34,0,3.25,1.1666666666666667
355,n0_p20,n0,p20,51,1,1.75,2.3333333333333335
356,n20_p80,n20,p80,35,1,5.583333333333333,5.5
357,n20_p0,n20,p0,35,0,5.5,5.666666666666667
358,n0_p20,n0,p20,25,1,4.25,2.6666666666666665
359,n80_p0,n80,p0,46,0,6.333333333333333,6.833333333333333
360,n0_p0,n0,p0,35,1,1,1.6666666666666667
361,n80_p80,n80,p80,48,1,4,6
362,n20_p20,n20,p20,32,1,5.916666666666667,3.8333333333333335
363,n0_p0,n0,p0,67,0,3.3333333333333335,1
364,n0_p80,n0,p80,26,1,2.25,2.3333333333333335
365,n20_p80,n20,p80,40,1,5,3.3333333333333335
366,n80_p80,n80,p80,37,1,5.416666666666667,4.666666666666667
367,n20_p20,n20,p20,31,1,2.3333333333333335,5
368,n0_p20,n0,p20,36,0,4.916666666666667,2.5
369,n20_p0,n20,p0,57,0,3.75,3
370,n80_p0,n80,p0,48,1,6,3.1666666666666665
371,n20_p0,n20,p0,40,0,2.9166666666666665,1.5
372,n0_p80,n0,p80,36,1,3.5,1
373,n0_p0,n0,p0,39,1,3.75,2.3333333333333335
374,n20_p80,n20,p80,30,1,5.166666666666667,3.8333333333333335
375,n80_p20,n80,p20,55,0,6.083333333333333,2.8333333333333335
376,n20_p0,n20,p0,26,1,4.416666666666667,4
377,n0_p0,n0,p0,58,0,3.5833333333333335,3.1666666666666665
378,n80_p80,n80,p80,33,1,5.416666666666667,5.5
379,n80_p80,n80,p80,36,0,6.333333333333333,5.166666666666667
380,n80_p20,n80,p20,44,1,2.5,3.5
381,n20_p80,n20,p80,25,0,2.75,2.1666666666666665
382,n80_p0,n80,p0,27,0,5.166666666666667,5.333333333333333
383,n20_p20,n20,p20,31,0,4.083333333333333,4
384,n20_p20,n20,p20,28,0,4.666666666666667,4.5
385,n0_p80,n0,p80,26,1,1.4166666666666667,2.3333333333333335
386,n0_p80,n0,p80,37,0,5.583333333333333,6.166666666666667
387,n0_p0,n0,p0,40,1,3.1666666666666665,2
388,n0_p20,n0,p20,29,0,1.25,1
389,n80_p80,n80,p80,32,0,5.916666666666667,4.166666666666667
390,n0_p0,n0,p0,25,0,4.416666666666667,2.8333333333333335
391,n80_p20,n80,p20,28,0,7,1.5
392,n80_p0,n80,p0,31,1,6.5,1.1666666666666667
393,n20_p80,n20,p80,41,1,5.083333333333333,4.833333333333333
394,n20_p80,n20,p80,46,1,2.5,7
395,n20_p0,n20,p0,31,1,3.0833333333333335,3.3333333333333335
396,n0_p20,n0,p20,37,0,1.1666666666666667,1.1666666666666667
397,n20_p0,n20,p0,30,1,5.75,5.333333333333333
398,n80_p0,n80,p0,39,1,6.166666666666667,3.1666666666666665
399,n80_p80,n80,p80,31,0,6.416666666666667,6.333333333333333
400,n80_p20,n80,p20,52,1,5.583333333333333,3.5
401,n0_p0,n0,p0,35,0,3.1666666666666665,2.1666666666666665
402,n0_p80,n0,p80,30,0,2.25,2.5
403,n80_p80,n80,p80,28,1,6.75,4.666666666666667
404,n80_p0,n80,p0,34,1,5.833333333333333,3.3333333333333335
405,n80_p20,n80,p20,48,1,5.666666666666667,5.166666666666667
406,n20_p20,n20,p20,29,1,3.9166666666666665,5
407,n20_p80,n20,p80,26,1,4.75,4.333333333333333
408,n0_p20,n0,p20,32,1,1.4166666666666667,2.6666666666666665
409,n20_p20,n20,p20,33,1,2.0833333333333335,3.6666666666666665
410,n20_p80,n20,p80,23,0,5,6
411,n80_p20,n80,p20,35,1,6.333333333333333,5.833333333333333
412,n0_p20,n0,p20,34,1,1.4166666666666667,2.5
413,n0_p80,n0,p80,22,1,2,1.6666666666666667
414,n20_p20,n20,p20,20,1,3.75,4
415,n0_p0,n0,p0,31,1,1.8333333333333333,3.1666666666666665
416,n80_p80,n80,p80,51,1,4.416666666666667,2.6666666666666665
417,n80_p0,n80,p0,28,0,5.416666666666667,6
418,n20_p0,n20,p0,39,0,7,1
419,n0_p20,n0,p20,31,0,1.4166666666666667,2.5
420,n80_p0,n80,p0,25,0,4.166666666666667,4.666666666666667
421,n0_p0,n0,p0,31,0,3.25,2
422,n80_p20,n80,p20,34,1,5.75,1.6666666666666667
423,n20_p80,n20,p80,30,0,4.75,2.3333333333333335
424,n80_p80,n80,p80,35,1,5.25,4.166666666666667
425,n20_p20,n20,p20,40,1,6.583333333333333,5.5
426,n0_p80,n0,p80,24,1,2.1666666666666665,2.6666666666666665
427,n0_p20,n0,p20,26,1,2.0833333333333335,2
428,n20_p0,n20,p0,26,0,4.583333333333333,3.8333333333333335
429,n0_p80,n0,p80,37,1,1,1.5
430,n20_p20,n20,p20,31,1,3.3333333333333335,3.6666666666666665
431,n20_p80,n20,p80,47,1,5.416666666666667,4.166666666666667
432,n80_p0,n80,p0,42,1,6.25,6
433,n80_p20,n80,p20,37,1,4,2.1666666666666665
434,n80_p80,n80,p80,23,1,5.333333333333333,5.333333333333333
435,n20_p0,n20,p0,42,0,5.083333333333333,2.8333333333333335
436,n80_p20,n80,p20,28,1,6.666666666666667,5.833333333333333
437,n20_p0,n20,p0,32,0,4.25,3
438,n0_p80,n0,p80,25,1,3.0833333333333335,2.5
439,n80_p80,n80,p80,24,1,3.6666666666666665,4.666666666666667
440,n20_p80,n20,p80,36,0,5.333333333333333,3.8333333333333335
441,n20_p20,n20,p20,29,1,3.25,3.8333333333333335
442,n0_p0,n0,p0,67,0,4,1.6666666666666667
443,n0_p20,n0,p20,43,0,1.4166666666666667,2
444,n20_p80,n20,p80,43,0,5.166666666666667,6
445,n0_p0,n0,p0,60,1,3.3333333333333335,3
446,n20_p20,n20,p20,26,1,5.083333333333333,2.1666666666666665
447,n80_p80,n80,p80,29,1,6.25,5.166666666666667
448,n20_p20,n20,p20,34,0,6.833333333333333,1.6666666666666667
449,n0_p80,n0,p80,33,1,2,2.3333333333333335
450,n20_p80,n20,p80,34,0,2.5,2.5
451,n80_p80,n80,p80,31,1,5.416666666666667,4.166666666666667
452,n0_p20,n0,p20,29,1,5.666666666666667,3.6666666666666665
453,n80_p0,n80,p0,43,1,6,4.5
454,n0_p80,n0,p80,32,0,2.5,1.8333333333333333
455,n0_p0,n0,p0,37,1,2.8333333333333335,4.666666666666667
456,n20_p0,n20,p0,70,1,5.583333333333333,5
457,n0_p0,n0,p0,41,1,3.8333333333333335,4
458,n80_p0,n80,p0,25,0,6.333333333333333,5.833333333333333
459,n20_p0,n20,p0,69,1,2.6666666666666665,2.8333333333333335
460,n20_p0,n20,p0,33,1,5.5,4.333333333333333
461,n80_p80,n80,p80,67,1,6.25,1.6666666666666667
462,n20_p20,n20,p20,36,1,4.5,3.6666666666666665
463,n0_p20,n0,p20,28,1,1.9166666666666667,2.8333333333333335
464,n0_p0,n0,p0,44,1,1.8333333333333333,1.6666666666666667
465,n0_p80,n0,p80,45,1,2.4166666666666665,1.1666666666666667
466,n20_p80,n20,p80,46,0,2.0833333333333335,2
467,n80_p20,n80,p20,32,1,7,2.3333333333333335
468,n80_p20,n80,p20,38,1,5.583333333333333,5.666666666666667
469,n80_p0,n80,p0,29,1,6,6
470,n0_p80,n0,p80,28,0,2.5833333333333335,1
471,n20_p0,n20,p0,49,1,3.1666666666666665,1
472,n0_p20,n0,p20,35,0,1.6666666666666667,2.1666666666666665
473,n80_p20,n80,p20,53,0,6.5,1.5
474,n80_p80,n80,p80,29,0,5.416666666666667,4.666666666666667
475,n20_p80,n20,p80,27,0,6.166666666666667,1
476,n0_p0,n0,p0,30,0,2.9166666666666665,4.166666666666667
477,n80_p20,n80,p20,60,0,5.5,5.833333333333333
478,n80_p0,n80,p0,28,1,5.833333333333333,5.833333333333333
479,n0_p0,n0,p0,37,1,1.4166666666666667,2.1666666666666665
480,n20_p80,n20,p80,22,0,6.083333333333333,5
481,n0_p80,n0,p80,55,1,4.75,4.833333333333333
482,n20_p0,n20,p0,40,1,4.75,6
483,n80_p0,n80,p0,24,1,4,2.6666666666666665
484,n0_p20,n0,p20,36,1,2,2
485,n80_p80,n80,p80,63,1,5.583333333333333,5
486,n0_p20,n0,p20,34,1,1.5,1.5
487,n20_p20,n20,p20,32,1,3.5,1.1666666666666667
488,n80_p0,n80,p0,30,0,6.416666666666667,3.6666666666666665
489,n20_p20,n20,p20,30,1,5,5.833333333333333
490,n20_p0,n20,p0,61,1,3,3.6666666666666665
491,n0_p80,n0,p80,33,0,2.6666666666666665,3.6666666666666665
492,n80_p20,n80,p20,55,1,7,5.333333333333333
493,n20_p80,n20,p80,38,1,5.166666666666667,1
494,n0_p0,n0,p0,24,1,1.5,4.333333333333333
495,n20_p20,n20,p20,28,1,5.666666666666667,1
496,n80_p80,n80,p80,45,1,5.916666666666667,6.166666666666667
497,n80_p0,n80,p0,29,0,6.083333333333333,6.166666666666667
498,n80_p20,n80,p20,26,1,6,5
499,n0_p0,n0,p0,26,1,2.9166666666666665,2.5
500,n20_p0,n20,p0,30,0,4.666666666666667,3.3333333333333335
501,n20_p80,n20,p80,23,1,6.083333333333333,5.833333333333333
502,n0_p80,n0,p80,35,0,4.454545454545454,4
503,n80_p80,n80,p80,44,0,5,2.3333333333333335
504,n0_p20,n0,p20,56,1,1.75,2.8333333333333335
505,n0_p80,n0,p80,70,1,4.083333333333333,4
506,n80_p0,n80,p0,43,0,4.75,4.333333333333333
507,n0_p0,n0,p0,51,1,2.4166666666666665,1.8333333333333333
508,n20_p0,n20,p0,58,1,4.333333333333333,4.333333333333333
509,n20_p20,n20,p20,41,1,2.6666666666666665,2.3333333333333335
510,n0_p20,n0,p20,31,1,2.8333333333333335,3.5
511,n20_p80,n20,p80,29,1,5.666666666666667,1
512,n80_p20,n80,p20,38,0,6.833333333333333,7
513,n0_p0,n0,p0,25,1,1.25,1.3333333333333333
514,n80_p20,n80,p20,36,1,6.666666666666667,5.833333333333333
515,n20_p80,n20,p80,34,1,4.75,4.833333333333333
516,n80_p0,n80,p0,28,1,3.1666666666666665,2.5
517,n0_p80,n0,p80,43,0,2.3333333333333335,3
518,n20_p0,n20,p0,51,1,4.5,4.666666666666667
519,n0_p20,n0,p20,31,1,1,1.6666666666666667
520,n80_p80,n80,p80,68,1,4,1.3333333333333333
521,n20_p20,n20,p20,29,0,3.8333333333333335,1.6666666666666667
522,n0_p80,n0,p80,54,0,5.083333333333333,4.833333333333333
523,n80_p0,n80,p0,26,1,6.166666666666667,5.5
524,n0_p0,n0,p0,25,1,2.8333333333333335,1.8333333333333333
525,n80_p20,n80,p20,53,1,4.416666666666667,1
526,n80_p80,n80,p80,60,1,6.5,2.1666666666666665
527,n20_p80,n20,p80,44,0,5.666666666666667,5.833333333333333
528,n20_p0,n20,p0,47,0,4.083333333333333,2.5
529,n20_p20,n20,p20,27,1,3.0833333333333335,6.666666666666667
530,n80_p80,n80,p80,31,0,6.916666666666667,7
531,n20_p0,n20,p0,26,1,4,4
532,n20_p20,n20,p20,65,0,4,4.166666666666667
533,n0_p20,n0,p20,37,0,3.6666666666666665,2.5
534,n80_p20,n80,p20,24,1,5.75,5.833333333333333
535,n20_p80,n20,p80,32,0,6.5,6
536,n0_p0,n0,p0,26,0,3.4166666666666665,4.666666666666667
537,n80_p0,n80,p0,23,0,4.166666666666667,3.5
538,n80_p0,n80,p0,43,0,1.5,1.3333333333333333
539,n0_p80,n0,p80,30,0,4.416666666666667,4.5
540,n0_p80,n0,p80,39,1,1,2.6666666666666665
541,n0_p20,n0,p20,23,1,2.4166666666666665,2.8333333333333335
542,n80_p20,n80,p20,32,1,5.083333333333333,6
543,n20_p80,n20,p80,61,1,6.083333333333333,6.333333333333333
544,n80_p80,n80,p80,41,1,5.916666666666667,2
545,n20_p0,n20,p0,33,0,4,3.6666666666666665
546,n20_p20,n20,p20,26,0,5.75,3.1666666666666665
547,n20_p20,n20,p20,39,1,5.833333333333333,3.3333333333333335
548,n80_p80,n80,p80,23,1,4.916666666666667,3
549,n80_p0,n80,p0,31,0,6.166666666666667,2.6666666666666665
550,n0_p0,n0,p0,42,1,3,2
551,n80_p20,n80,p20,25,1,6.666666666666667,5
552,n20_p80,n20,p80,37,1,4.666666666666667,4.166666666666667
553,n0_p20,n0,p20,48,0,2.75,1
554,n0_p80,n0,p80,42,0,1.6666666666666667,2
555,n80_p20,n80,p20,28,0,5.916666666666667,5.5
556,n80_p0,n80,p0,35,1,5.666666666666667,4.5
557,n20_p0,n20,p0,27,1,4.833333333333333,3.6666666666666665
558,n0_p0,n0,p0,36,1,4.833333333333333,5.833333333333333
559,n20_p80,n20,p80,32,0,4.083333333333333,3.6666666666666665
560,n0_p20,n0,p20,30,1,2.3333333333333335,2.5
561,n80_p80,n80,p80,30,0,5.833333333333333,5.333333333333333
562,n20_p0,n20,p0,29,1,2,1
563,n80_p0,n80,p0,29,0,5.75,7
564,n20_p80,n20,p80,30,1,5.666666666666667,5
565,n0_p80,n0,p80,26,1,3.3333333333333335,2.8333333333333335
566,n20_p20,n20,p20,27,1,2.8333333333333335,2
567,n0_p20,n0,p20,44,1,1.75,4.666666666666667
568,n80_p20,n80,p20,33,1,5,5.5
569,n0_p0,n0,p0,30,0,5.25,3
570,n80_p80,n80,p80,56,1,5.333333333333333,5
571,n20_p20,n20,p20,29,1,2.9166666666666665,5.833333333333333
572,n0_p80,n0,p80,31,0,1,1
573,n20_p80,n20,p80,24,1,4.916666666666667,5.333333333333333
574,n0_p20,n0,p20,36,1,1.3333333333333333,1.8333333333333333
575,n80_p0,n80,p0,31,1,6.416666666666667,6.333333333333333
576,n0_p0,n0,p0,36,0,6.583333333333333,7
577,n20_p0,n20,p0,29,1,4.75,4
578,n80_p80,n80,p80,37,1,6,4.666666666666667
579,n80_p0,n80,p0,61,0,6.333333333333333,6.5
580,n0_p80,n0,p80,44,1,3,2.8333333333333335
581,n80_p80,n80,p80,35,1,6.166666666666667,5
582,n20_p80,n20,p80,34,1,5.166666666666667,5
583,n0_p20,n0,p20,38,1,1,1.5
584,n80_p20,n80,p20,20,0,5.666666666666667,6
585,n0_p0,n0,p0,36,1,2.5833333333333335,2.3333333333333335
586,n80_p0,n80,p0,34,1,5.583333333333333,3.6666666666666665
587,n80_p80,n80,p80,38,0,6.083333333333333,4.166666666666667
588,n0_p0,n0,p0,30,1,7,7
589,n0_p80,n0,p80,48,0,5.25,6
590,n0_p20,n0,p20,33,1,3.25,3.5
591,n20_p0,n20,p0,53,0,3.75,4
592,n20_p20,n20,p20,29,0,6.75,4.833333333333333
593,n80_p80,n80,p80,23,0,5.583333333333333,3.1666666666666665
594,n20_p80,n20,p80,35,0,4.583333333333333,4.333333333333333
595,n0_p80,n0,p80,72,1,1,1
596,n80_p20,n80,p20,42,0,4.083333333333333,3.3333333333333335
597,n0_p0,n0,p0,39,0,2.8333333333333335,1.5
598,n80_p0,n80,p0,23,1,3.75,3.1666666666666665
599,n80_p0,n80,p0,28,1,6.083333333333333,5.833333333333333
600,n20_p20,n20,p20,25,0,6,5.666666666666667
601,n0_p20,n0,p20,25,1,2.5,2.3333333333333335
602,n0_p80,n0,p80,38,1,5.416666666666667,5.333333333333333
603,n20_p80,n20,p80,61,1,4.166666666666667,4
604,n0_p0,n0,p0,28,1,4.666666666666667,4
605,n80_p20,n80,p20,32,0,6,5.5
606,n20_p0,n20,p0,43,0,3.75,1.8333333333333333
607,n20_p0,n20,p0,49,1,5.333333333333333,1.3333333333333333
608,n20_p80,n20,p80,27,1,4.5,5.166666666666667
609,n80_p0,n80,p0,45,1,4.916666666666667,5
610,n80_p80,n80,p80,28,0,6,6
611,n0_p80,n0,p80,42,0,2.9166666666666665,5
612,n0_p20,n0,p20,44,1,1.5,3
613,n0_p0,n0,p0,34,0,2.9166666666666665,2.6666666666666665
614,n80_p20,n80,p20,37,1,4.833333333333333,5.833333333333333
615,n0_p80,n0,p80,32,1,1.4166666666666667,1.6666666666666667
616,n20_p80,n20,p80,38,1,6.166666666666667,4.666666666666667
617,n80_p20,n80,p20,32,1,6.833333333333333,3.8333333333333335
618,n80_p80,n80,p80,37,0,6.5,6.5
619,n0_p20,n0,p20,25,1,2.8333333333333335,2.1666666666666665
620,n0_p0,n0,p0,24,0,5.25,5.166666666666667
621,n20_p0,n20,p0,34,1,3.6666666666666665,5.333333333333333
622,n80_p0,n80,p0,51,0,5.25,1.6666666666666667
623,n0_p20,n0,p20,57,0,2.1666666666666665,2.1666666666666665
624,n20_p80,n20,p80,22,1,4.083333333333333,5
625,n80_p20,n80,p20,69,1,5.666666666666667,4.333333333333333
626,n0_p0,n0,p0,19,1,4.666666666666667,4.666666666666667
627,n0_p80,n0,p80,54,0,6.583333333333333,6.5
628,n0_p80,n0,p80,56,0,5.083333333333333,4
629,n0_p20,n0,p20,24,1,1.4166666666666667,1.6666666666666667
630,n20_p0,n20,p0,47,1,5.666666666666667,3.6666666666666665
631,n80_p0,n80,p0,41,1,6.666666666666667,1.5
632,n20_p80,n20,p80,28,1,2.5833333333333335,2.8333333333333335
633,n80_p20,n80,p20,32,1,5.416666666666667,4.833333333333333
634,n0_p80,n0,p80,28,1,2.4545454545454546,4.166666666666667
635,n20_p80,n20,p80,66,1,1,2.1666666666666665
636,n0_p0,n0,p0,29,1,2.8333333333333335,2.6666666666666665
637,n80_p20,n80,p20,38,0,5.583333333333333,4.5
638,n0_p20,n0,p20,38,1,1,1.6666666666666667
639,n20_p0,n20,p0,55,1,5.166666666666667,2.5
640,n80_p0,n80,p0,30,1,5,6
641,n0_p80,n0,p80,48,1,1.9166666666666667,2.5
642,n20_p20,n20,p20,44,1,5.333333333333333,3.3333333333333335
643,n20_p0,n20,p0,44,1,3.25,2.5
644,n0_p0,n0,p0,22,0,2.75,5
645,n20_p80,n20,p80,31,0,5.416666666666667,2.5
646,n80_p80,n80,p80,33,1,5.75,3
647,n80_p20,n80,p20,87,1,6.5,1
648,n20_p80,n20,p80,26,1,4.75,4.666666666666667
649,n20_p0,n20,p0,46,1,3.5,2.5
650,n80_p20,n80,p20,52,1,5.916666666666667,5
651,n80_p80,n80,p80,31,1,5.5,6
652,n20_p20,n20,p20,37,1,5.25,4.833333333333333
653,n0_p20,n0,p20,23,0,5.166666666666667,3
654,n0_p0,n0,p0,33,1,1.5,1.3333333333333333
655,n0_p0,n0,p0,47,0,3.4166666666666665,2
656,n20_p80,n20,p80,28,1,3.75,4.166666666666667
657,n0_p80,n0,p80,23,0,4.416666666666667,1
658,n80_p0,n80,p0,32,0,6.416666666666667,3.6666666666666665
659,n80_p20,n80,p20,29,1,6.166666666666667,4
660,n20_p20,n20,p20,29,0,5,1
661,n20_p0,n20,p0,28,1,3.9166666666666665,3.5
662,n80_p80,n80,p80,31,1,5.916666666666667,6.833333333333333
663,n0_p20,n0,p20,31,0,5.25,5
664,n0_p0,n0,p0,58,0,1.25,1.1666666666666667
665,n20_p0,n20,p0,20,1,3.4166666666666665,5
666,n80_p80,n80,p80,36,1,6.416666666666667,1.3333333333333333
667,n80_p0,n80,p0,33,1,6.333333333333333,4.333333333333333
668,n20_p20,n20,p20,30,0,4.083333333333333,5.5
669,n80_p20,n80,p20,28,0,5.916666666666667,1.6666666666666667
670,n0_p80,n0,p80,28,0,5.583333333333333,5.666666666666667
671,n0_p20,n0,p20,22,0,3.1666666666666665,2.5
672,n20_p20,n20,p20,32,0,5.083333333333333,5.666666666666667
673,n80_p20,n80,p20,22,0,4.833333333333333,4.666666666666667
674,n0_p80,n0,p80,35,1,1.3333333333333333,2
675,n20_p0,n20,p0,50,1,4.7272727272727275,2.3333333333333335
676,n0_p0,n0,p0,60,0,1,1
677,n20_p80,n20,p80,41,0,4,2.3333333333333335
